--
-- PostgreSQL database dump
--

\restrict Sr0wNcXcJGCoHLqNCLcCGjpBG2NQqsnQawG9WxQ4sSZAJhI1mnfa5B8jDIFyjFp

-- Dumped from database version 15.16 (Debian 15.16-1.pgdg13+1)
-- Dumped by pg_dump version 15.16 (Debian 15.16-1.pgdg13+1)

SET statement_timeout = 0;
SET lock_timeout = 0;
SET idle_in_transaction_session_timeout = 0;
SET client_encoding = 'UTF8';
SET standard_conforming_strings = on;
SELECT pg_catalog.set_config('search_path', '', false);
SET check_function_bodies = false;
SET xmloption = content;
SET client_min_messages = warning;
SET row_security = off;

SET default_tablespace = '';

SET default_table_access_method = heap;

--
-- Name: api_about; Type: TABLE; Schema: public; Owner: cv_user
--

CREATE TABLE public.api_about (
    id bigint NOT NULL,
    headline character varying(200) NOT NULL,
    summary text NOT NULL,
    profile_id bigint NOT NULL
);


ALTER TABLE public.api_about OWNER TO cv_user;

--
-- Name: api_about_id_seq; Type: SEQUENCE; Schema: public; Owner: cv_user
--

ALTER TABLE public.api_about ALTER COLUMN id ADD GENERATED BY DEFAULT AS IDENTITY (
    SEQUENCE NAME public.api_about_id_seq
    START WITH 1
    INCREMENT BY 1
    NO MINVALUE
    NO MAXVALUE
    CACHE 1
);


--
-- Name: api_aboutparagraph; Type: TABLE; Schema: public; Owner: cv_user
--

CREATE TABLE public.api_aboutparagraph (
    id bigint NOT NULL,
    content text NOT NULL,
    "order" integer NOT NULL,
    about_id bigint NOT NULL,
    CONSTRAINT api_aboutparagraph_order_check CHECK (("order" >= 0))
);


ALTER TABLE public.api_aboutparagraph OWNER TO cv_user;

--
-- Name: api_aboutparagraph_id_seq; Type: SEQUENCE; Schema: public; Owner: cv_user
--

ALTER TABLE public.api_aboutparagraph ALTER COLUMN id ADD GENERATED BY DEFAULT AS IDENTITY (
    SEQUENCE NAME public.api_aboutparagraph_id_seq
    START WITH 1
    INCREMENT BY 1
    NO MINVALUE
    NO MAXVALUE
    CACHE 1
);


--
-- Name: api_architecture; Type: TABLE; Schema: public; Owner: cv_user
--

CREATE TABLE public.api_architecture (
    id bigint NOT NULL,
    title character varying(255) NOT NULL,
    description text NOT NULL,
    image character varying(100),
    "order" integer NOT NULL
);


ALTER TABLE public.api_architecture OWNER TO cv_user;

--
-- Name: api_architecture_id_seq; Type: SEQUENCE; Schema: public; Owner: cv_user
--

ALTER TABLE public.api_architecture ALTER COLUMN id ADD GENERATED BY DEFAULT AS IDENTITY (
    SEQUENCE NAME public.api_architecture_id_seq
    START WITH 1
    INCREMENT BY 1
    NO MINVALUE
    NO MAXVALUE
    CACHE 1
);


--
-- Name: api_architecturelink; Type: TABLE; Schema: public; Owner: cv_user
--

CREATE TABLE public.api_architecturelink (
    id bigint NOT NULL,
    label character varying(100) NOT NULL,
    href character varying(200) NOT NULL,
    "order" integer NOT NULL,
    architecture_id bigint NOT NULL
);


ALTER TABLE public.api_architecturelink OWNER TO cv_user;

--
-- Name: api_architecturelink_id_seq; Type: SEQUENCE; Schema: public; Owner: cv_user
--

ALTER TABLE public.api_architecturelink ALTER COLUMN id ADD GENERATED BY DEFAULT AS IDENTITY (
    SEQUENCE NAME public.api_architecturelink_id_seq
    START WITH 1
    INCREMENT BY 1
    NO MINVALUE
    NO MAXVALUE
    CACHE 1
);


--
-- Name: api_architectureservice; Type: TABLE; Schema: public; Owner: cv_user
--

CREATE TABLE public.api_architectureservice (
    id bigint NOT NULL,
    name character varying(255) NOT NULL,
    "order" integer NOT NULL,
    architecture_id bigint NOT NULL
);


ALTER TABLE public.api_architectureservice OWNER TO cv_user;

--
-- Name: api_architectureservice_id_seq; Type: SEQUENCE; Schema: public; Owner: cv_user
--

ALTER TABLE public.api_architectureservice ALTER COLUMN id ADD GENERATED BY DEFAULT AS IDENTITY (
    SEQUENCE NAME public.api_architectureservice_id_seq
    START WITH 1
    INCREMENT BY 1
    NO MINVALUE
    NO MAXVALUE
    CACHE 1
);


--
-- Name: api_article; Type: TABLE; Schema: public; Owner: cv_user
--

CREATE TABLE public.api_article (
    id bigint NOT NULL,
    title character varying(255) NOT NULL,
    description text NOT NULL,
    body text NOT NULL,
    tags character varying(255) NOT NULL,
    slug character varying(50) NOT NULL,
    created_at timestamp with time zone NOT NULL,
    updated_at timestamp with time zone NOT NULL
);


ALTER TABLE public.api_article OWNER TO cv_user;

--
-- Name: api_article_id_seq; Type: SEQUENCE; Schema: public; Owner: cv_user
--

ALTER TABLE public.api_article ALTER COLUMN id ADD GENERATED BY DEFAULT AS IDENTITY (
    SEQUENCE NAME public.api_article_id_seq
    START WITH 1
    INCREMENT BY 1
    NO MINVALUE
    NO MAXVALUE
    CACHE 1
);


--
-- Name: api_corestrength; Type: TABLE; Schema: public; Owner: cv_user
--

CREATE TABLE public.api_corestrength (
    id bigint NOT NULL,
    pillar character varying(120) NOT NULL,
    description text NOT NULL,
    "order" integer NOT NULL,
    about_id bigint NOT NULL,
    CONSTRAINT api_corestrength_order_check CHECK (("order" >= 0))
);


ALTER TABLE public.api_corestrength OWNER TO cv_user;

--
-- Name: api_corestrength_id_seq; Type: SEQUENCE; Schema: public; Owner: cv_user
--

ALTER TABLE public.api_corestrength ALTER COLUMN id ADD GENERATED BY DEFAULT AS IDENTITY (
    SEQUENCE NAME public.api_corestrength_id_seq
    START WITH 1
    INCREMENT BY 1
    NO MINVALUE
    NO MAXVALUE
    CACHE 1
);


--
-- Name: api_duty; Type: TABLE; Schema: public; Owner: cv_user
--

CREATE TABLE public.api_duty (
    id bigint NOT NULL,
    description character varying(255) NOT NULL,
    "order" integer NOT NULL,
    experience_id bigint NOT NULL,
    CONSTRAINT api_duty_order_check CHECK (("order" >= 0))
);


ALTER TABLE public.api_duty OWNER TO cv_user;

--
-- Name: api_duty_id_seq; Type: SEQUENCE; Schema: public; Owner: cv_user
--

ALTER TABLE public.api_duty ALTER COLUMN id ADD GENERATED BY DEFAULT AS IDENTITY (
    SEQUENCE NAME public.api_duty_id_seq
    START WITH 1
    INCREMENT BY 1
    NO MINVALUE
    NO MAXVALUE
    CACHE 1
);


--
-- Name: api_education; Type: TABLE; Schema: public; Owner: cv_user
--

CREATE TABLE public.api_education (
    id bigint NOT NULL,
    institution character varying(120) NOT NULL,
    qualification character varying(120) NOT NULL,
    start_year integer NOT NULL,
    end_year integer,
    profile_id bigint NOT NULL,
    "order" integer NOT NULL,
    CONSTRAINT api_education_end_year_check CHECK ((end_year >= 0)),
    CONSTRAINT api_education_order_check CHECK (("order" >= 0)),
    CONSTRAINT api_education_start_year_check CHECK ((start_year >= 0))
);


ALTER TABLE public.api_education OWNER TO cv_user;

--
-- Name: api_education_id_seq; Type: SEQUENCE; Schema: public; Owner: cv_user
--

ALTER TABLE public.api_education ALTER COLUMN id ADD GENERATED BY DEFAULT AS IDENTITY (
    SEQUENCE NAME public.api_education_id_seq
    START WITH 1
    INCREMENT BY 1
    NO MINVALUE
    NO MAXVALUE
    CACHE 1
);


--
-- Name: api_experience; Type: TABLE; Schema: public; Owner: cv_user
--

CREATE TABLE public.api_experience (
    id bigint NOT NULL,
    company character varying(120) NOT NULL,
    role character varying(120) NOT NULL,
    start_date date NOT NULL,
    end_date date,
    description text NOT NULL,
    "order" integer NOT NULL,
    profile_id bigint NOT NULL,
    CONSTRAINT api_experience_order_check CHECK (("order" >= 0))
);


ALTER TABLE public.api_experience OWNER TO cv_user;

--
-- Name: api_experience_id_seq; Type: SEQUENCE; Schema: public; Owner: cv_user
--

ALTER TABLE public.api_experience ALTER COLUMN id ADD GENERATED BY DEFAULT AS IDENTITY (
    SEQUENCE NAME public.api_experience_id_seq
    START WITH 1
    INCREMENT BY 1
    NO MINVALUE
    NO MAXVALUE
    CACHE 1
);


--
-- Name: api_featuredproject; Type: TABLE; Schema: public; Owner: cv_user
--

CREATE TABLE public.api_featuredproject (
    id bigint NOT NULL,
    title character varying(255) NOT NULL,
    description text NOT NULL,
    features text NOT NULL,
    demo_link character varying(200) NOT NULL,
    github character varying(200) NOT NULL,
    updated_at timestamp with time zone NOT NULL,
    is_featured boolean NOT NULL,
    "order" integer NOT NULL,
    CONSTRAINT api_featuredproject_order_check CHECK (("order" >= 0))
);


ALTER TABLE public.api_featuredproject OWNER TO cv_user;

--
-- Name: api_featuredproject_id_seq; Type: SEQUENCE; Schema: public; Owner: cv_user
--

ALTER TABLE public.api_featuredproject ALTER COLUMN id ADD GENERATED BY DEFAULT AS IDENTITY (
    SEQUENCE NAME public.api_featuredproject_id_seq
    START WITH 1
    INCREMENT BY 1
    NO MINVALUE
    NO MAXVALUE
    CACHE 1
);


--
-- Name: api_hero; Type: TABLE; Schema: public; Owner: cv_user
--

CREATE TABLE public.api_hero (
    id bigint NOT NULL,
    heading character varying(255) NOT NULL,
    subheading character varying(255) NOT NULL,
    cta_text character varying(255) NOT NULL,
    "order" integer NOT NULL,
    CONSTRAINT api_hero_order_check CHECK (("order" >= 0))
);


ALTER TABLE public.api_hero OWNER TO cv_user;

--
-- Name: api_hero_id_seq; Type: SEQUENCE; Schema: public; Owner: cv_user
--

ALTER TABLE public.api_hero ALTER COLUMN id ADD GENERATED BY DEFAULT AS IDENTITY (
    SEQUENCE NAME public.api_hero_id_seq
    START WITH 1
    INCREMENT BY 1
    NO MINVALUE
    NO MAXVALUE
    CACHE 1
);


--
-- Name: api_profile; Type: TABLE; Schema: public; Owner: cv_user
--

CREATE TABLE public.api_profile (
    id bigint NOT NULL,
    name character varying(120) NOT NULL,
    title character varying(120) NOT NULL,
    "interestStatement" text NOT NULL,
    location character varying(120) NOT NULL,
    email character varying(254) NOT NULL,
    github character varying(200) NOT NULL,
    "linkedIn" character varying(200) NOT NULL,
    updated_at timestamp with time zone NOT NULL,
    "resumeLink" character varying(200) NOT NULL
);


ALTER TABLE public.api_profile OWNER TO cv_user;

--
-- Name: api_profile_id_seq; Type: SEQUENCE; Schema: public; Owner: cv_user
--

ALTER TABLE public.api_profile ALTER COLUMN id ADD GENERATED BY DEFAULT AS IDENTITY (
    SEQUENCE NAME public.api_profile_id_seq
    START WITH 1
    INCREMENT BY 1
    NO MINVALUE
    NO MAXVALUE
    CACHE 1
);


--
-- Name: api_profileskill; Type: TABLE; Schema: public; Owner: cv_user
--

CREATE TABLE public.api_profileskill (
    id bigint NOT NULL,
    profile_id bigint NOT NULL,
    skill_id bigint NOT NULL
);


ALTER TABLE public.api_profileskill OWNER TO cv_user;

--
-- Name: api_profileskill_id_seq; Type: SEQUENCE; Schema: public; Owner: cv_user
--

ALTER TABLE public.api_profileskill ALTER COLUMN id ADD GENERATED BY DEFAULT AS IDENTITY (
    SEQUENCE NAME public.api_profileskill_id_seq
    START WITH 1
    INCREMENT BY 1
    NO MINVALUE
    NO MAXVALUE
    CACHE 1
);


--
-- Name: api_skill; Type: TABLE; Schema: public; Owner: cv_user
--

CREATE TABLE public.api_skill (
    id bigint NOT NULL,
    name character varying(80) NOT NULL
);


ALTER TABLE public.api_skill OWNER TO cv_user;

--
-- Name: api_skill_id_seq; Type: SEQUENCE; Schema: public; Owner: cv_user
--

ALTER TABLE public.api_skill ALTER COLUMN id ADD GENERATED BY DEFAULT AS IDENTITY (
    SEQUENCE NAME public.api_skill_id_seq
    START WITH 1
    INCREMENT BY 1
    NO MINVALUE
    NO MAXVALUE
    CACHE 1
);


--
-- Name: api_skillcategory; Type: TABLE; Schema: public; Owner: cv_user
--

CREATE TABLE public.api_skillcategory (
    id bigint NOT NULL,
    category character varying(200) NOT NULL,
    "order" integer NOT NULL,
    CONSTRAINT api_skillcategory_order_check CHECK (("order" >= 0))
);


ALTER TABLE public.api_skillcategory OWNER TO cv_user;

--
-- Name: api_skillcategory_id_seq; Type: SEQUENCE; Schema: public; Owner: cv_user
--

ALTER TABLE public.api_skillcategory ALTER COLUMN id ADD GENERATED BY DEFAULT AS IDENTITY (
    SEQUENCE NAME public.api_skillcategory_id_seq
    START WITH 1
    INCREMENT BY 1
    NO MINVALUE
    NO MAXVALUE
    CACHE 1
);


--
-- Name: api_skillitem; Type: TABLE; Schema: public; Owner: cv_user
--

CREATE TABLE public.api_skillitem (
    id bigint NOT NULL,
    name character varying(200) NOT NULL,
    "order" integer NOT NULL,
    category_id bigint NOT NULL,
    CONSTRAINT api_skillitem_order_check CHECK (("order" >= 0))
);


ALTER TABLE public.api_skillitem OWNER TO cv_user;

--
-- Name: api_skillitem_id_seq; Type: SEQUENCE; Schema: public; Owner: cv_user
--

ALTER TABLE public.api_skillitem ALTER COLUMN id ADD GENERATED BY DEFAULT AS IDENTITY (
    SEQUENCE NAME public.api_skillitem_id_seq
    START WITH 1
    INCREMENT BY 1
    NO MINVALUE
    NO MAXVALUE
    CACHE 1
);


--
-- Name: api_softskill; Type: TABLE; Schema: public; Owner: cv_user
--

CREATE TABLE public.api_softskill (
    id bigint NOT NULL,
    skill character varying(100) NOT NULL,
    description text NOT NULL,
    "order" integer NOT NULL,
    CONSTRAINT api_softskill_order_check CHECK (("order" >= 0))
);


ALTER TABLE public.api_softskill OWNER TO cv_user;

--
-- Name: api_softskill_id_seq; Type: SEQUENCE; Schema: public; Owner: cv_user
--

ALTER TABLE public.api_softskill ALTER COLUMN id ADD GENERATED BY DEFAULT AS IDENTITY (
    SEQUENCE NAME public.api_softskill_id_seq
    START WITH 1
    INCREMENT BY 1
    NO MINVALUE
    NO MAXVALUE
    CACHE 1
);


--
-- Name: api_userprofile; Type: TABLE; Schema: public; Owner: cv_user
--

CREATE TABLE public.api_userprofile (
    id bigint NOT NULL,
    role character varying(120) NOT NULL,
    user_id integer NOT NULL
);


ALTER TABLE public.api_userprofile OWNER TO cv_user;

--
-- Name: api_userprofile_id_seq; Type: SEQUENCE; Schema: public; Owner: cv_user
--

ALTER TABLE public.api_userprofile ALTER COLUMN id ADD GENERATED BY DEFAULT AS IDENTITY (
    SEQUENCE NAME public.api_userprofile_id_seq
    START WITH 1
    INCREMENT BY 1
    NO MINVALUE
    NO MAXVALUE
    CACHE 1
);


--
-- Name: auth_group; Type: TABLE; Schema: public; Owner: cv_user
--

CREATE TABLE public.auth_group (
    id integer NOT NULL,
    name character varying(150) NOT NULL
);


ALTER TABLE public.auth_group OWNER TO cv_user;

--
-- Name: auth_group_id_seq; Type: SEQUENCE; Schema: public; Owner: cv_user
--

ALTER TABLE public.auth_group ALTER COLUMN id ADD GENERATED BY DEFAULT AS IDENTITY (
    SEQUENCE NAME public.auth_group_id_seq
    START WITH 1
    INCREMENT BY 1
    NO MINVALUE
    NO MAXVALUE
    CACHE 1
);


--
-- Name: auth_group_permissions; Type: TABLE; Schema: public; Owner: cv_user
--

CREATE TABLE public.auth_group_permissions (
    id bigint NOT NULL,
    group_id integer NOT NULL,
    permission_id integer NOT NULL
);


ALTER TABLE public.auth_group_permissions OWNER TO cv_user;

--
-- Name: auth_group_permissions_id_seq; Type: SEQUENCE; Schema: public; Owner: cv_user
--

ALTER TABLE public.auth_group_permissions ALTER COLUMN id ADD GENERATED BY DEFAULT AS IDENTITY (
    SEQUENCE NAME public.auth_group_permissions_id_seq
    START WITH 1
    INCREMENT BY 1
    NO MINVALUE
    NO MAXVALUE
    CACHE 1
);


--
-- Name: auth_permission; Type: TABLE; Schema: public; Owner: cv_user
--

CREATE TABLE public.auth_permission (
    id integer NOT NULL,
    name character varying(255) NOT NULL,
    content_type_id integer NOT NULL,
    codename character varying(100) NOT NULL
);


ALTER TABLE public.auth_permission OWNER TO cv_user;

--
-- Name: auth_permission_id_seq; Type: SEQUENCE; Schema: public; Owner: cv_user
--

ALTER TABLE public.auth_permission ALTER COLUMN id ADD GENERATED BY DEFAULT AS IDENTITY (
    SEQUENCE NAME public.auth_permission_id_seq
    START WITH 1
    INCREMENT BY 1
    NO MINVALUE
    NO MAXVALUE
    CACHE 1
);


--
-- Name: auth_user; Type: TABLE; Schema: public; Owner: cv_user
--

CREATE TABLE public.auth_user (
    id integer NOT NULL,
    password character varying(128) NOT NULL,
    last_login timestamp with time zone,
    is_superuser boolean NOT NULL,
    username character varying(150) NOT NULL,
    first_name character varying(150) NOT NULL,
    last_name character varying(150) NOT NULL,
    email character varying(254) NOT NULL,
    is_staff boolean NOT NULL,
    is_active boolean NOT NULL,
    date_joined timestamp with time zone NOT NULL
);


ALTER TABLE public.auth_user OWNER TO cv_user;

--
-- Name: auth_user_groups; Type: TABLE; Schema: public; Owner: cv_user
--

CREATE TABLE public.auth_user_groups (
    id bigint NOT NULL,
    user_id integer NOT NULL,
    group_id integer NOT NULL
);


ALTER TABLE public.auth_user_groups OWNER TO cv_user;

--
-- Name: auth_user_groups_id_seq; Type: SEQUENCE; Schema: public; Owner: cv_user
--

ALTER TABLE public.auth_user_groups ALTER COLUMN id ADD GENERATED BY DEFAULT AS IDENTITY (
    SEQUENCE NAME public.auth_user_groups_id_seq
    START WITH 1
    INCREMENT BY 1
    NO MINVALUE
    NO MAXVALUE
    CACHE 1
);


--
-- Name: auth_user_id_seq; Type: SEQUENCE; Schema: public; Owner: cv_user
--

ALTER TABLE public.auth_user ALTER COLUMN id ADD GENERATED BY DEFAULT AS IDENTITY (
    SEQUENCE NAME public.auth_user_id_seq
    START WITH 1
    INCREMENT BY 1
    NO MINVALUE
    NO MAXVALUE
    CACHE 1
);


--
-- Name: auth_user_user_permissions; Type: TABLE; Schema: public; Owner: cv_user
--

CREATE TABLE public.auth_user_user_permissions (
    id bigint NOT NULL,
    user_id integer NOT NULL,
    permission_id integer NOT NULL
);


ALTER TABLE public.auth_user_user_permissions OWNER TO cv_user;

--
-- Name: auth_user_user_permissions_id_seq; Type: SEQUENCE; Schema: public; Owner: cv_user
--

ALTER TABLE public.auth_user_user_permissions ALTER COLUMN id ADD GENERATED BY DEFAULT AS IDENTITY (
    SEQUENCE NAME public.auth_user_user_permissions_id_seq
    START WITH 1
    INCREMENT BY 1
    NO MINVALUE
    NO MAXVALUE
    CACHE 1
);


--
-- Name: django_admin_log; Type: TABLE; Schema: public; Owner: cv_user
--

CREATE TABLE public.django_admin_log (
    id integer NOT NULL,
    action_time timestamp with time zone NOT NULL,
    object_id text,
    object_repr character varying(200) NOT NULL,
    action_flag smallint NOT NULL,
    change_message text NOT NULL,
    content_type_id integer,
    user_id integer NOT NULL,
    CONSTRAINT django_admin_log_action_flag_check CHECK ((action_flag >= 0))
);


ALTER TABLE public.django_admin_log OWNER TO cv_user;

--
-- Name: django_admin_log_id_seq; Type: SEQUENCE; Schema: public; Owner: cv_user
--

ALTER TABLE public.django_admin_log ALTER COLUMN id ADD GENERATED BY DEFAULT AS IDENTITY (
    SEQUENCE NAME public.django_admin_log_id_seq
    START WITH 1
    INCREMENT BY 1
    NO MINVALUE
    NO MAXVALUE
    CACHE 1
);


--
-- Name: django_content_type; Type: TABLE; Schema: public; Owner: cv_user
--

CREATE TABLE public.django_content_type (
    id integer NOT NULL,
    app_label character varying(100) NOT NULL,
    model character varying(100) NOT NULL
);


ALTER TABLE public.django_content_type OWNER TO cv_user;

--
-- Name: django_content_type_id_seq; Type: SEQUENCE; Schema: public; Owner: cv_user
--

ALTER TABLE public.django_content_type ALTER COLUMN id ADD GENERATED BY DEFAULT AS IDENTITY (
    SEQUENCE NAME public.django_content_type_id_seq
    START WITH 1
    INCREMENT BY 1
    NO MINVALUE
    NO MAXVALUE
    CACHE 1
);


--
-- Name: django_migrations; Type: TABLE; Schema: public; Owner: cv_user
--

CREATE TABLE public.django_migrations (
    id bigint NOT NULL,
    app character varying(255) NOT NULL,
    name character varying(255) NOT NULL,
    applied timestamp with time zone NOT NULL
);


ALTER TABLE public.django_migrations OWNER TO cv_user;

--
-- Name: django_migrations_id_seq; Type: SEQUENCE; Schema: public; Owner: cv_user
--

ALTER TABLE public.django_migrations ALTER COLUMN id ADD GENERATED BY DEFAULT AS IDENTITY (
    SEQUENCE NAME public.django_migrations_id_seq
    START WITH 1
    INCREMENT BY 1
    NO MINVALUE
    NO MAXVALUE
    CACHE 1
);


--
-- Name: django_session; Type: TABLE; Schema: public; Owner: cv_user
--

CREATE TABLE public.django_session (
    session_key character varying(40) NOT NULL,
    session_data text NOT NULL,
    expire_date timestamp with time zone NOT NULL
);


ALTER TABLE public.django_session OWNER TO cv_user;

--
-- Data for Name: api_about; Type: TABLE DATA; Schema: public; Owner: cv_user
--

COPY public.api_about (id, headline, summary, profile_id) FROM stdin;
\.


--
-- Data for Name: api_aboutparagraph; Type: TABLE DATA; Schema: public; Owner: cv_user
--

COPY public.api_aboutparagraph (id, content, "order", about_id) FROM stdin;
\.


--
-- Data for Name: api_architecture; Type: TABLE DATA; Schema: public; Owner: cv_user
--

COPY public.api_architecture (id, title, description, image, "order") FROM stdin;
\.


--
-- Data for Name: api_architecturelink; Type: TABLE DATA; Schema: public; Owner: cv_user
--

COPY public.api_architecturelink (id, label, href, "order", architecture_id) FROM stdin;
\.


--
-- Data for Name: api_architectureservice; Type: TABLE DATA; Schema: public; Owner: cv_user
--

COPY public.api_architectureservice (id, name, "order", architecture_id) FROM stdin;
\.


--
-- Data for Name: api_article; Type: TABLE DATA; Schema: public; Owner: cv_user
--

COPY public.api_article (id, title, description, body, tags, slug, created_at, updated_at) FROM stdin;
\.


--
-- Data for Name: api_corestrength; Type: TABLE DATA; Schema: public; Owner: cv_user
--

COPY public.api_corestrength (id, pillar, description, "order", about_id) FROM stdin;
\.


--
-- Data for Name: api_duty; Type: TABLE DATA; Schema: public; Owner: cv_user
--

COPY public.api_duty (id, description, "order", experience_id) FROM stdin;
\.


--
-- Data for Name: api_education; Type: TABLE DATA; Schema: public; Owner: cv_user
--

COPY public.api_education (id, institution, qualification, start_year, end_year, profile_id, "order") FROM stdin;
1	kabaa	kcse	2003	2006	2	3
2	Nazarene	CompScience	2014	2018	3	7
3	Kasneb	Cert	2010	2014	4	3
4	Harvard University	BSc Computer Science	2015	2019	1	3
\.


--
-- Data for Name: api_experience; Type: TABLE DATA; Schema: public; Owner: cv_user
--

COPY public.api_experience (id, company, role, start_date, end_date, description, "order", profile_id) FROM stdin;
\.


--
-- Data for Name: api_featuredproject; Type: TABLE DATA; Schema: public; Owner: cv_user
--

COPY public.api_featuredproject (id, title, description, features, demo_link, github, updated_at, is_featured, "order") FROM stdin;
\.


--
-- Data for Name: api_hero; Type: TABLE DATA; Schema: public; Owner: cv_user
--

COPY public.api_hero (id, heading, subheading, cta_text, "order") FROM stdin;
\.


--
-- Data for Name: api_profile; Type: TABLE DATA; Schema: public; Owner: cv_user
--

COPY public.api_profile (id, name, title, "interestStatement", location, email, github, "linkedIn", updated_at, "resumeLink") FROM stdin;
2	Joseph Mwangi	Software Engineer	My bio here	Nairobi, Kenya	joseph@example.com	https://github.com/joseph	https://linkedin.com/in/joseph	2026-02-20 10:09:21.768094+00	https://example.com/resume.pdf
3	Joseph Mwangi	Software Engineer	My bio here	Nairobi, Kenya	joseph@example.com	https://github.com/joseph	https://linkedin.com/in/joseph	2026-02-20 10:09:28.739778+00	https://example.com/resume.pdf
4	Joseph Mwangi	Software Engineer	My bio here	Nairobi, Kenya	joseph@example.com	https://github.com/joseph	https://linkedin.com/in/joseph	2026-02-20 10:15:01.203257+00	https://example.com/resume.pdf
1	Joseph Muiruri	Software Engineer & Solutions Architect	My bio here	Nairobi, Kenya	mwanjose@gmail.com	https://github.com/joseph	https://linkedin.com/in/joseph	2026-02-24 07:44:54.939011+00	https://example.com/resume.pdf
\.


--
-- Data for Name: api_profileskill; Type: TABLE DATA; Schema: public; Owner: cv_user
--

COPY public.api_profileskill (id, profile_id, skill_id) FROM stdin;
1	2	1
2	3	2
3	4	1
4	1	2
\.


--
-- Data for Name: api_skill; Type: TABLE DATA; Schema: public; Owner: cv_user
--

COPY public.api_skill (id, name) FROM stdin;
1	Communication Skills
2	Interpersonal Skills
\.


--
-- Data for Name: api_skillcategory; Type: TABLE DATA; Schema: public; Owner: cv_user
--

COPY public.api_skillcategory (id, category, "order") FROM stdin;
\.


--
-- Data for Name: api_skillitem; Type: TABLE DATA; Schema: public; Owner: cv_user
--

COPY public.api_skillitem (id, name, "order", category_id) FROM stdin;
\.


--
-- Data for Name: api_softskill; Type: TABLE DATA; Schema: public; Owner: cv_user
--

COPY public.api_softskill (id, skill, description, "order") FROM stdin;
\.


--
-- Data for Name: api_userprofile; Type: TABLE DATA; Schema: public; Owner: cv_user
--

COPY public.api_userprofile (id, role, user_id) FROM stdin;
1	ADMIN	1
2	VIEWER	2
4	VIEWER	3
5	editor	4
6	admin	5
7	admin	6
\.


--
-- Data for Name: auth_group; Type: TABLE DATA; Schema: public; Owner: cv_user
--

COPY public.auth_group (id, name) FROM stdin;
\.


--
-- Data for Name: auth_group_permissions; Type: TABLE DATA; Schema: public; Owner: cv_user
--

COPY public.auth_group_permissions (id, group_id, permission_id) FROM stdin;
\.


--
-- Data for Name: auth_permission; Type: TABLE DATA; Schema: public; Owner: cv_user
--

COPY public.auth_permission (id, name, content_type_id, codename) FROM stdin;
1	Can add log entry	1	add_logentry
2	Can change log entry	1	change_logentry
3	Can delete log entry	1	delete_logentry
4	Can view log entry	1	view_logentry
5	Can add permission	3	add_permission
6	Can change permission	3	change_permission
7	Can delete permission	3	delete_permission
8	Can view permission	3	view_permission
9	Can add group	2	add_group
10	Can change group	2	change_group
11	Can delete group	2	delete_group
12	Can view group	2	view_group
13	Can add user	4	add_user
14	Can change user	4	change_user
15	Can delete user	4	delete_user
16	Can view user	4	view_user
17	Can add content type	5	add_contenttype
18	Can change content type	5	change_contenttype
19	Can delete content type	5	delete_contenttype
20	Can view content type	5	view_contenttype
21	Can add session	6	add_session
22	Can change session	6	change_session
23	Can delete session	6	delete_session
24	Can view session	6	view_session
25	Can add profile	19	add_profile
26	Can change profile	19	change_profile
27	Can delete profile	19	delete_profile
28	Can view profile	19	view_profile
29	Can add skill	21	add_skill
30	Can change skill	21	change_skill
31	Can delete skill	21	delete_skill
32	Can view skill	21	view_skill
33	Can add experience	16	add_experience
34	Can change experience	16	change_experience
35	Can delete experience	16	delete_experience
36	Can view experience	16	view_experience
37	Can add education	15	add_education
38	Can change education	15	change_education
39	Can delete education	15	delete_education
40	Can view education	15	view_education
41	Can add profile skill	20	add_profileskill
42	Can change profile skill	20	change_profileskill
43	Can delete profile skill	20	delete_profileskill
44	Can view profile skill	20	view_profileskill
45	Can add duty	14	add_duty
46	Can change duty	14	change_duty
47	Can delete duty	14	delete_duty
48	Can view duty	14	view_duty
49	Can add about	7	add_about
50	Can change about	7	change_about
51	Can delete about	7	delete_about
52	Can view about	7	view_about
53	Can add about paragraph	8	add_aboutparagraph
54	Can change about paragraph	8	change_aboutparagraph
55	Can delete about paragraph	8	delete_aboutparagraph
56	Can view about paragraph	8	view_aboutparagraph
57	Can add core strength	13	add_corestrength
58	Can change core strength	13	change_corestrength
59	Can delete core strength	13	delete_corestrength
60	Can view core strength	13	view_corestrength
61	Can add hero	18	add_hero
62	Can change hero	18	change_hero
63	Can delete hero	18	delete_hero
64	Can view hero	18	view_hero
65	Can add featured project	17	add_featuredproject
66	Can change featured project	17	change_featuredproject
67	Can delete featured project	17	delete_featuredproject
68	Can view featured project	17	view_featuredproject
69	Can add skill category	22	add_skillcategory
70	Can change skill category	22	change_skillcategory
71	Can delete skill category	22	delete_skillcategory
72	Can view skill category	22	view_skillcategory
73	Can add skill item	23	add_skillitem
74	Can change skill item	23	change_skillitem
75	Can delete skill item	23	delete_skillitem
76	Can view skill item	23	view_skillitem
77	Can add soft skill	24	add_softskill
78	Can change soft skill	24	change_softskill
79	Can delete soft skill	24	delete_softskill
80	Can view soft skill	24	view_softskill
81	Can add architecture	9	add_architecture
82	Can change architecture	9	change_architecture
83	Can delete architecture	9	delete_architecture
84	Can view architecture	9	view_architecture
85	Can add architecture link	10	add_architecturelink
86	Can change architecture link	10	change_architecturelink
87	Can delete architecture link	10	delete_architecturelink
88	Can view architecture link	10	view_architecturelink
89	Can add architecture service	11	add_architectureservice
90	Can change architecture service	11	change_architectureservice
91	Can delete architecture service	11	delete_architectureservice
92	Can view architecture service	11	view_architectureservice
93	Can add article	12	add_article
94	Can change article	12	change_article
95	Can delete article	12	delete_article
96	Can view article	12	view_article
97	Can add user profile	25	add_userprofile
98	Can change user profile	25	change_userprofile
99	Can delete user profile	25	delete_userprofile
100	Can view user profile	25	view_userprofile
\.


--
-- Data for Name: auth_user; Type: TABLE DATA; Schema: public; Owner: cv_user
--

COPY public.auth_user (id, password, last_login, is_superuser, username, first_name, last_name, email, is_staff, is_active, date_joined) FROM stdin;
2	pbkdf2_sha256$1200000$aiGU8yQo5OYUDo6adcHsGU$dZh1MO3hmIIAStp0vWNvsC4pzjZ2ygYkF4lHfMwaiJE=	\N	f	progJay			progJay@gmail.com	f	t	2026-03-02 09:17:16.134019+00
3	pbkdf2_sha256$1200000$G3UfuSmtbvNQ5pjzwcgzTJ$UfbYCN1MQTPWQq+euMMsMOYlcgd8bNcCkf6We1Luxhs=	\N	f	devJay			devJay@gmail.com	f	t	2026-03-02 09:22:40.513518+00
4	pbkdf2_sha256$1200000$I4ptwvKcCiNDpEoYbFcE78$wehNW3bAOV9KC0x1QWm5rz0hSZF6X7fjIyePwYAZ83g=	\N	f	devJoe			devJoe@gmail.com	f	t	2026-03-02 09:26:24.143558+00
5	pbkdf2_sha256$1200000$qdHGWRKYvDZgasNCY16s5A$3bA3gxFtJs5v2hynJmO0OYcFUXpek38Ec3ZHUr5fdaE=	\N	f	goblin	Goblin	Gabe	gobline@gmail.com	f	t	2026-03-02 11:24:46.508111+00
6	pbkdf2_sha256$1200000$imlVN0nsYJ55yew46NANPS$BGEgt5c1ZM9rZ3qlP6q3ce2zBi/t9B6C4mpFvQ/lao4=	\N	f	doldo	Dol	Dol	dol@gmail.com	f	t	2026-03-02 12:11:36.324153+00
1	pbkdf2_sha256$1200000$wOJdrDG3VkcktFbJdlOFJ2$vgtzcwieLvOC3UCN0cfg+LCuJiKzsRHAvLh1F0mmmHs=	2026-03-06 12:49:22.775911+00	t	muiruri			muiruri@gmail.com	t	t	2026-02-21 07:22:56.746145+00
\.


--
-- Data for Name: auth_user_groups; Type: TABLE DATA; Schema: public; Owner: cv_user
--

COPY public.auth_user_groups (id, user_id, group_id) FROM stdin;
\.


--
-- Data for Name: auth_user_user_permissions; Type: TABLE DATA; Schema: public; Owner: cv_user
--

COPY public.auth_user_user_permissions (id, user_id, permission_id) FROM stdin;
\.


--
-- Data for Name: django_admin_log; Type: TABLE DATA; Schema: public; Owner: cv_user
--

COPY public.django_admin_log (id, action_time, object_id, object_repr, action_flag, change_message, content_type_id, user_id) FROM stdin;
1	2026-02-25 03:34:45.104239+00	1	Communication Skills	1	[{"added": {}}]	21	1
2	2026-02-25 03:34:55.360588+00	1	Communication Skills	2	[]	21	1
3	2026-02-25 03:35:05.359121+00	2	Interpersonal Skills	1	[{"added": {}}]	21	1
4	2026-02-25 03:35:57.668159+00	1	ProfileSkill object (1)	1	[{"added": {}}]	20	1
5	2026-02-25 03:36:10.363346+00	2	ProfileSkill object (2)	1	[{"added": {}}]	20	1
6	2026-02-25 03:36:15.991433+00	3	ProfileSkill object (3)	1	[{"added": {}}]	20	1
7	2026-02-25 03:36:25.107611+00	4	ProfileSkill object (4)	1	[{"added": {}}]	20	1
8	2026-02-25 03:38:07.003447+00	1	Education object (1)	1	[{"added": {}}]	15	1
9	2026-02-25 03:38:55.68105+00	2	Education object (2)	1	[{"added": {}}]	15	1
10	2026-02-25 03:39:52.305846+00	3	Education object (3)	1	[{"added": {}}]	15	1
11	2026-02-25 03:40:34.077907+00	4	Education object (4)	1	[{"added": {}}]	15	1
12	2026-03-02 11:28:54.979138+00	5	goblin	2	[{"changed": {"fields": ["password"]}}]	4	1
13	2026-03-06 12:51:15.102592+00	1	muiruri	2	[{"changed": {"fields": ["password"]}}]	4	1
\.


--
-- Data for Name: django_content_type; Type: TABLE DATA; Schema: public; Owner: cv_user
--

COPY public.django_content_type (id, app_label, model) FROM stdin;
1	admin	logentry
2	auth	group
3	auth	permission
4	auth	user
5	contenttypes	contenttype
6	sessions	session
7	api	about
8	api	aboutparagraph
9	api	architecture
10	api	architecturelink
11	api	architectureservice
12	api	article
13	api	corestrength
14	api	duty
15	api	education
16	api	experience
17	api	featuredproject
18	api	hero
19	api	profile
20	api	profileskill
21	api	skill
22	api	skillcategory
23	api	skillitem
24	api	softskill
25	api	userprofile
\.


--
-- Data for Name: django_migrations; Type: TABLE DATA; Schema: public; Owner: cv_user
--

COPY public.django_migrations (id, app, name, applied) FROM stdin;
1	contenttypes	0001_initial	2026-02-20 09:20:39.367042+00
2	auth	0001_initial	2026-02-20 09:20:40.61537+00
3	admin	0001_initial	2026-02-20 09:20:40.888968+00
4	admin	0002_logentry_remove_auto_add	2026-02-20 09:20:40.925161+00
5	admin	0003_logentry_add_action_flag_choices	2026-02-20 09:20:40.968314+00
6	api	0001_initial	2026-02-20 09:20:41.72056+00
7	api	0002_profile_resumelink	2026-02-20 09:20:41.773421+00
8	api	0003_rename_bio_profile_interestestatement_and_more	2026-02-20 09:20:41.815777+00
9	api	0004_rename_interestestatement_profile_intereststatement	2026-02-20 09:20:41.867618+00
10	api	0005_rename_linkedin_profile_linkedin	2026-02-20 09:20:41.885665+00
11	api	0006_duty	2026-02-20 09:20:42.037756+00
12	api	0007_rename_qualification_education_qualifs	2026-02-20 09:20:42.063467+00
13	api	0008_rename_qualifs_education_qualification	2026-02-20 09:20:42.091927+00
14	api	0009_alter_education_options_education_order	2026-02-20 09:20:42.125018+00
15	api	0010_about_aboutparagraph	2026-02-20 09:20:42.486682+00
16	api	0011_corestrength	2026-02-20 09:20:42.678084+00
17	api	0012_hero	2026-02-20 09:20:42.801361+00
18	api	0013_hero_order	2026-02-20 09:20:42.822807+00
19	api	0014_featuredproject	2026-02-20 09:20:42.96093+00
20	api	0015_featuredproject_order	2026-02-20 09:20:42.988425+00
21	api	0016_skillcategory_skillitem	2026-02-20 09:20:43.210493+00
22	api	0017_softskill	2026-02-20 09:20:43.459943+00
23	api	0018_architecture_architecturelink_architectureservice	2026-02-20 09:20:43.834106+00
24	api	0019_article	2026-02-20 09:20:44.075152+00
25	contenttypes	0002_remove_content_type_name	2026-02-20 09:20:44.175794+00
26	auth	0002_alter_permission_name_max_length	2026-02-20 09:20:44.220802+00
27	auth	0003_alter_user_email_max_length	2026-02-20 09:20:44.25944+00
28	auth	0004_alter_user_username_opts	2026-02-20 09:20:44.295695+00
29	auth	0005_alter_user_last_login_null	2026-02-20 09:20:44.332209+00
30	auth	0006_require_contenttypes_0002	2026-02-20 09:20:44.341128+00
31	auth	0007_alter_validators_add_error_messages	2026-02-20 09:20:44.372025+00
32	auth	0008_alter_user_username_max_length	2026-02-20 09:20:44.446889+00
33	auth	0009_alter_user_last_name_max_length	2026-02-20 09:20:44.484916+00
34	auth	0010_alter_group_name_max_length	2026-02-20 09:20:44.514522+00
35	auth	0011_update_proxy_permissions	2026-02-20 09:20:44.562859+00
36	auth	0012_alter_user_first_name_max_length	2026-02-20 09:20:44.588972+00
37	sessions	0001_initial	2026-02-20 09:20:44.822962+00
38	api	0020_userprofile	2026-02-25 04:34:50.829903+00
\.


--
-- Data for Name: django_session; Type: TABLE DATA; Schema: public; Owner: cv_user
--

COPY public.django_session (session_key, session_data, expire_date) FROM stdin;
mkakvyn5n3tverkrqljm2kflsxqvgadn	.eJxVjEEOwiAQRe_C2hDaqUBduu8ZyAzDSNVAUtqV8e7apAvd_vfef6mA25rD1tISZlYX1anT70YYH6nsgO9YblXHWtZlJr0r-qBNT5XT83q4fwcZW_7WwL0XRgu958EOA4wwnt0owiZKBHCOvFg0lHrrSZCMjy6BQWeETGfV-wPiFjgJ:1vyUeB:TomHpbld7aPkqU_w__V39s97y78XXBpfbSyoMpgyG50	2026-03-20 12:51:15.244085+00
\.


--
-- Name: api_about_id_seq; Type: SEQUENCE SET; Schema: public; Owner: cv_user
--

SELECT pg_catalog.setval('public.api_about_id_seq', 1, false);


--
-- Name: api_aboutparagraph_id_seq; Type: SEQUENCE SET; Schema: public; Owner: cv_user
--

SELECT pg_catalog.setval('public.api_aboutparagraph_id_seq', 1, false);


--
-- Name: api_architecture_id_seq; Type: SEQUENCE SET; Schema: public; Owner: cv_user
--

SELECT pg_catalog.setval('public.api_architecture_id_seq', 1, false);


--
-- Name: api_architecturelink_id_seq; Type: SEQUENCE SET; Schema: public; Owner: cv_user
--

SELECT pg_catalog.setval('public.api_architecturelink_id_seq', 1, false);


--
-- Name: api_architectureservice_id_seq; Type: SEQUENCE SET; Schema: public; Owner: cv_user
--

SELECT pg_catalog.setval('public.api_architectureservice_id_seq', 1, false);


--
-- Name: api_article_id_seq; Type: SEQUENCE SET; Schema: public; Owner: cv_user
--

SELECT pg_catalog.setval('public.api_article_id_seq', 1, false);


--
-- Name: api_corestrength_id_seq; Type: SEQUENCE SET; Schema: public; Owner: cv_user
--

SELECT pg_catalog.setval('public.api_corestrength_id_seq', 1, false);


--
-- Name: api_duty_id_seq; Type: SEQUENCE SET; Schema: public; Owner: cv_user
--

SELECT pg_catalog.setval('public.api_duty_id_seq', 1, false);


--
-- Name: api_education_id_seq; Type: SEQUENCE SET; Schema: public; Owner: cv_user
--

SELECT pg_catalog.setval('public.api_education_id_seq', 4, true);


--
-- Name: api_experience_id_seq; Type: SEQUENCE SET; Schema: public; Owner: cv_user
--

SELECT pg_catalog.setval('public.api_experience_id_seq', 1, false);


--
-- Name: api_featuredproject_id_seq; Type: SEQUENCE SET; Schema: public; Owner: cv_user
--

SELECT pg_catalog.setval('public.api_featuredproject_id_seq', 1, false);


--
-- Name: api_hero_id_seq; Type: SEQUENCE SET; Schema: public; Owner: cv_user
--

SELECT pg_catalog.setval('public.api_hero_id_seq', 1, false);


--
-- Name: api_profile_id_seq; Type: SEQUENCE SET; Schema: public; Owner: cv_user
--

SELECT pg_catalog.setval('public.api_profile_id_seq', 4, true);


--
-- Name: api_profileskill_id_seq; Type: SEQUENCE SET; Schema: public; Owner: cv_user
--

SELECT pg_catalog.setval('public.api_profileskill_id_seq', 4, true);


--
-- Name: api_skill_id_seq; Type: SEQUENCE SET; Schema: public; Owner: cv_user
--

SELECT pg_catalog.setval('public.api_skill_id_seq', 2, true);


--
-- Name: api_skillcategory_id_seq; Type: SEQUENCE SET; Schema: public; Owner: cv_user
--

SELECT pg_catalog.setval('public.api_skillcategory_id_seq', 1, false);


--
-- Name: api_skillitem_id_seq; Type: SEQUENCE SET; Schema: public; Owner: cv_user
--

SELECT pg_catalog.setval('public.api_skillitem_id_seq', 1, false);


--
-- Name: api_softskill_id_seq; Type: SEQUENCE SET; Schema: public; Owner: cv_user
--

SELECT pg_catalog.setval('public.api_softskill_id_seq', 1, false);


--
-- Name: api_userprofile_id_seq; Type: SEQUENCE SET; Schema: public; Owner: cv_user
--

SELECT pg_catalog.setval('public.api_userprofile_id_seq', 7, true);


--
-- Name: auth_group_id_seq; Type: SEQUENCE SET; Schema: public; Owner: cv_user
--

SELECT pg_catalog.setval('public.auth_group_id_seq', 1, false);


--
-- Name: auth_group_permissions_id_seq; Type: SEQUENCE SET; Schema: public; Owner: cv_user
--

SELECT pg_catalog.setval('public.auth_group_permissions_id_seq', 1, false);


--
-- Name: auth_permission_id_seq; Type: SEQUENCE SET; Schema: public; Owner: cv_user
--

SELECT pg_catalog.setval('public.auth_permission_id_seq', 100, true);


--
-- Name: auth_user_groups_id_seq; Type: SEQUENCE SET; Schema: public; Owner: cv_user
--

SELECT pg_catalog.setval('public.auth_user_groups_id_seq', 1, false);


--
-- Name: auth_user_id_seq; Type: SEQUENCE SET; Schema: public; Owner: cv_user
--

SELECT pg_catalog.setval('public.auth_user_id_seq', 6, true);


--
-- Name: auth_user_user_permissions_id_seq; Type: SEQUENCE SET; Schema: public; Owner: cv_user
--

SELECT pg_catalog.setval('public.auth_user_user_permissions_id_seq', 1, false);


--
-- Name: django_admin_log_id_seq; Type: SEQUENCE SET; Schema: public; Owner: cv_user
--

SELECT pg_catalog.setval('public.django_admin_log_id_seq', 13, true);


--
-- Name: django_content_type_id_seq; Type: SEQUENCE SET; Schema: public; Owner: cv_user
--

SELECT pg_catalog.setval('public.django_content_type_id_seq', 25, true);


--
-- Name: django_migrations_id_seq; Type: SEQUENCE SET; Schema: public; Owner: cv_user
--

SELECT pg_catalog.setval('public.django_migrations_id_seq', 38, true);


--
-- Name: api_about api_about_pkey; Type: CONSTRAINT; Schema: public; Owner: cv_user
--

ALTER TABLE ONLY public.api_about
    ADD CONSTRAINT api_about_pkey PRIMARY KEY (id);


--
-- Name: api_about api_about_profile_id_key; Type: CONSTRAINT; Schema: public; Owner: cv_user
--

ALTER TABLE ONLY public.api_about
    ADD CONSTRAINT api_about_profile_id_key UNIQUE (profile_id);


--
-- Name: api_aboutparagraph api_aboutparagraph_pkey; Type: CONSTRAINT; Schema: public; Owner: cv_user
--

ALTER TABLE ONLY public.api_aboutparagraph
    ADD CONSTRAINT api_aboutparagraph_pkey PRIMARY KEY (id);


--
-- Name: api_architecture api_architecture_pkey; Type: CONSTRAINT; Schema: public; Owner: cv_user
--

ALTER TABLE ONLY public.api_architecture
    ADD CONSTRAINT api_architecture_pkey PRIMARY KEY (id);


--
-- Name: api_architecturelink api_architecturelink_pkey; Type: CONSTRAINT; Schema: public; Owner: cv_user
--

ALTER TABLE ONLY public.api_architecturelink
    ADD CONSTRAINT api_architecturelink_pkey PRIMARY KEY (id);


--
-- Name: api_architectureservice api_architectureservice_pkey; Type: CONSTRAINT; Schema: public; Owner: cv_user
--

ALTER TABLE ONLY public.api_architectureservice
    ADD CONSTRAINT api_architectureservice_pkey PRIMARY KEY (id);


--
-- Name: api_article api_article_pkey; Type: CONSTRAINT; Schema: public; Owner: cv_user
--

ALTER TABLE ONLY public.api_article
    ADD CONSTRAINT api_article_pkey PRIMARY KEY (id);


--
-- Name: api_article api_article_slug_key; Type: CONSTRAINT; Schema: public; Owner: cv_user
--

ALTER TABLE ONLY public.api_article
    ADD CONSTRAINT api_article_slug_key UNIQUE (slug);


--
-- Name: api_corestrength api_corestrength_pkey; Type: CONSTRAINT; Schema: public; Owner: cv_user
--

ALTER TABLE ONLY public.api_corestrength
    ADD CONSTRAINT api_corestrength_pkey PRIMARY KEY (id);


--
-- Name: api_duty api_duty_pkey; Type: CONSTRAINT; Schema: public; Owner: cv_user
--

ALTER TABLE ONLY public.api_duty
    ADD CONSTRAINT api_duty_pkey PRIMARY KEY (id);


--
-- Name: api_education api_education_pkey; Type: CONSTRAINT; Schema: public; Owner: cv_user
--

ALTER TABLE ONLY public.api_education
    ADD CONSTRAINT api_education_pkey PRIMARY KEY (id);


--
-- Name: api_experience api_experience_pkey; Type: CONSTRAINT; Schema: public; Owner: cv_user
--

ALTER TABLE ONLY public.api_experience
    ADD CONSTRAINT api_experience_pkey PRIMARY KEY (id);


--
-- Name: api_featuredproject api_featuredproject_pkey; Type: CONSTRAINT; Schema: public; Owner: cv_user
--

ALTER TABLE ONLY public.api_featuredproject
    ADD CONSTRAINT api_featuredproject_pkey PRIMARY KEY (id);


--
-- Name: api_hero api_hero_pkey; Type: CONSTRAINT; Schema: public; Owner: cv_user
--

ALTER TABLE ONLY public.api_hero
    ADD CONSTRAINT api_hero_pkey PRIMARY KEY (id);


--
-- Name: api_profile api_profile_pkey; Type: CONSTRAINT; Schema: public; Owner: cv_user
--

ALTER TABLE ONLY public.api_profile
    ADD CONSTRAINT api_profile_pkey PRIMARY KEY (id);


--
-- Name: api_profileskill api_profileskill_pkey; Type: CONSTRAINT; Schema: public; Owner: cv_user
--

ALTER TABLE ONLY public.api_profileskill
    ADD CONSTRAINT api_profileskill_pkey PRIMARY KEY (id);


--
-- Name: api_skill api_skill_name_key; Type: CONSTRAINT; Schema: public; Owner: cv_user
--

ALTER TABLE ONLY public.api_skill
    ADD CONSTRAINT api_skill_name_key UNIQUE (name);


--
-- Name: api_skill api_skill_pkey; Type: CONSTRAINT; Schema: public; Owner: cv_user
--

ALTER TABLE ONLY public.api_skill
    ADD CONSTRAINT api_skill_pkey PRIMARY KEY (id);


--
-- Name: api_skillcategory api_skillcategory_pkey; Type: CONSTRAINT; Schema: public; Owner: cv_user
--

ALTER TABLE ONLY public.api_skillcategory
    ADD CONSTRAINT api_skillcategory_pkey PRIMARY KEY (id);


--
-- Name: api_skillitem api_skillitem_pkey; Type: CONSTRAINT; Schema: public; Owner: cv_user
--

ALTER TABLE ONLY public.api_skillitem
    ADD CONSTRAINT api_skillitem_pkey PRIMARY KEY (id);


--
-- Name: api_softskill api_softskill_pkey; Type: CONSTRAINT; Schema: public; Owner: cv_user
--

ALTER TABLE ONLY public.api_softskill
    ADD CONSTRAINT api_softskill_pkey PRIMARY KEY (id);


--
-- Name: api_softskill api_softskill_skill_key; Type: CONSTRAINT; Schema: public; Owner: cv_user
--

ALTER TABLE ONLY public.api_softskill
    ADD CONSTRAINT api_softskill_skill_key UNIQUE (skill);


--
-- Name: api_userprofile api_userprofile_pkey; Type: CONSTRAINT; Schema: public; Owner: cv_user
--

ALTER TABLE ONLY public.api_userprofile
    ADD CONSTRAINT api_userprofile_pkey PRIMARY KEY (id);


--
-- Name: api_userprofile api_userprofile_user_id_key; Type: CONSTRAINT; Schema: public; Owner: cv_user
--

ALTER TABLE ONLY public.api_userprofile
    ADD CONSTRAINT api_userprofile_user_id_key UNIQUE (user_id);


--
-- Name: auth_group auth_group_name_key; Type: CONSTRAINT; Schema: public; Owner: cv_user
--

ALTER TABLE ONLY public.auth_group
    ADD CONSTRAINT auth_group_name_key UNIQUE (name);


--
-- Name: auth_group_permissions auth_group_permissions_group_id_permission_id_0cd325b0_uniq; Type: CONSTRAINT; Schema: public; Owner: cv_user
--

ALTER TABLE ONLY public.auth_group_permissions
    ADD CONSTRAINT auth_group_permissions_group_id_permission_id_0cd325b0_uniq UNIQUE (group_id, permission_id);


--
-- Name: auth_group_permissions auth_group_permissions_pkey; Type: CONSTRAINT; Schema: public; Owner: cv_user
--

ALTER TABLE ONLY public.auth_group_permissions
    ADD CONSTRAINT auth_group_permissions_pkey PRIMARY KEY (id);


--
-- Name: auth_group auth_group_pkey; Type: CONSTRAINT; Schema: public; Owner: cv_user
--

ALTER TABLE ONLY public.auth_group
    ADD CONSTRAINT auth_group_pkey PRIMARY KEY (id);


--
-- Name: auth_permission auth_permission_content_type_id_codename_01ab375a_uniq; Type: CONSTRAINT; Schema: public; Owner: cv_user
--

ALTER TABLE ONLY public.auth_permission
    ADD CONSTRAINT auth_permission_content_type_id_codename_01ab375a_uniq UNIQUE (content_type_id, codename);


--
-- Name: auth_permission auth_permission_pkey; Type: CONSTRAINT; Schema: public; Owner: cv_user
--

ALTER TABLE ONLY public.auth_permission
    ADD CONSTRAINT auth_permission_pkey PRIMARY KEY (id);


--
-- Name: auth_user_groups auth_user_groups_pkey; Type: CONSTRAINT; Schema: public; Owner: cv_user
--

ALTER TABLE ONLY public.auth_user_groups
    ADD CONSTRAINT auth_user_groups_pkey PRIMARY KEY (id);


--
-- Name: auth_user_groups auth_user_groups_user_id_group_id_94350c0c_uniq; Type: CONSTRAINT; Schema: public; Owner: cv_user
--

ALTER TABLE ONLY public.auth_user_groups
    ADD CONSTRAINT auth_user_groups_user_id_group_id_94350c0c_uniq UNIQUE (user_id, group_id);


--
-- Name: auth_user auth_user_pkey; Type: CONSTRAINT; Schema: public; Owner: cv_user
--

ALTER TABLE ONLY public.auth_user
    ADD CONSTRAINT auth_user_pkey PRIMARY KEY (id);


--
-- Name: auth_user_user_permissions auth_user_user_permissions_pkey; Type: CONSTRAINT; Schema: public; Owner: cv_user
--

ALTER TABLE ONLY public.auth_user_user_permissions
    ADD CONSTRAINT auth_user_user_permissions_pkey PRIMARY KEY (id);


--
-- Name: auth_user_user_permissions auth_user_user_permissions_user_id_permission_id_14a6b632_uniq; Type: CONSTRAINT; Schema: public; Owner: cv_user
--

ALTER TABLE ONLY public.auth_user_user_permissions
    ADD CONSTRAINT auth_user_user_permissions_user_id_permission_id_14a6b632_uniq UNIQUE (user_id, permission_id);


--
-- Name: auth_user auth_user_username_key; Type: CONSTRAINT; Schema: public; Owner: cv_user
--

ALTER TABLE ONLY public.auth_user
    ADD CONSTRAINT auth_user_username_key UNIQUE (username);


--
-- Name: django_admin_log django_admin_log_pkey; Type: CONSTRAINT; Schema: public; Owner: cv_user
--

ALTER TABLE ONLY public.django_admin_log
    ADD CONSTRAINT django_admin_log_pkey PRIMARY KEY (id);


--
-- Name: django_content_type django_content_type_app_label_model_76bd3d3b_uniq; Type: CONSTRAINT; Schema: public; Owner: cv_user
--

ALTER TABLE ONLY public.django_content_type
    ADD CONSTRAINT django_content_type_app_label_model_76bd3d3b_uniq UNIQUE (app_label, model);


--
-- Name: django_content_type django_content_type_pkey; Type: CONSTRAINT; Schema: public; Owner: cv_user
--

ALTER TABLE ONLY public.django_content_type
    ADD CONSTRAINT django_content_type_pkey PRIMARY KEY (id);


--
-- Name: django_migrations django_migrations_pkey; Type: CONSTRAINT; Schema: public; Owner: cv_user
--

ALTER TABLE ONLY public.django_migrations
    ADD CONSTRAINT django_migrations_pkey PRIMARY KEY (id);


--
-- Name: django_session django_session_pkey; Type: CONSTRAINT; Schema: public; Owner: cv_user
--

ALTER TABLE ONLY public.django_session
    ADD CONSTRAINT django_session_pkey PRIMARY KEY (session_key);


--
-- Name: api_aboutparagraph_about_id_e9e14a7c; Type: INDEX; Schema: public; Owner: cv_user
--

CREATE INDEX api_aboutparagraph_about_id_e9e14a7c ON public.api_aboutparagraph USING btree (about_id);


--
-- Name: api_architecturelink_architecture_id_5a20952b; Type: INDEX; Schema: public; Owner: cv_user
--

CREATE INDEX api_architecturelink_architecture_id_5a20952b ON public.api_architecturelink USING btree (architecture_id);


--
-- Name: api_architectureservice_architecture_id_46eee2e7; Type: INDEX; Schema: public; Owner: cv_user
--

CREATE INDEX api_architectureservice_architecture_id_46eee2e7 ON public.api_architectureservice USING btree (architecture_id);


--
-- Name: api_article_slug_a1957baa_like; Type: INDEX; Schema: public; Owner: cv_user
--

CREATE INDEX api_article_slug_a1957baa_like ON public.api_article USING btree (slug varchar_pattern_ops);


--
-- Name: api_corestrength_about_id_5025c610; Type: INDEX; Schema: public; Owner: cv_user
--

CREATE INDEX api_corestrength_about_id_5025c610 ON public.api_corestrength USING btree (about_id);


--
-- Name: api_duty_experience_id_66c761c5; Type: INDEX; Schema: public; Owner: cv_user
--

CREATE INDEX api_duty_experience_id_66c761c5 ON public.api_duty USING btree (experience_id);


--
-- Name: api_education_profile_id_872759d2; Type: INDEX; Schema: public; Owner: cv_user
--

CREATE INDEX api_education_profile_id_872759d2 ON public.api_education USING btree (profile_id);


--
-- Name: api_experience_profile_id_e4dba2aa; Type: INDEX; Schema: public; Owner: cv_user
--

CREATE INDEX api_experience_profile_id_e4dba2aa ON public.api_experience USING btree (profile_id);


--
-- Name: api_profileskill_profile_id_1c399a6e; Type: INDEX; Schema: public; Owner: cv_user
--

CREATE INDEX api_profileskill_profile_id_1c399a6e ON public.api_profileskill USING btree (profile_id);


--
-- Name: api_profileskill_skill_id_c0b82440; Type: INDEX; Schema: public; Owner: cv_user
--

CREATE INDEX api_profileskill_skill_id_c0b82440 ON public.api_profileskill USING btree (skill_id);


--
-- Name: api_skill_name_3dcad775_like; Type: INDEX; Schema: public; Owner: cv_user
--

CREATE INDEX api_skill_name_3dcad775_like ON public.api_skill USING btree (name varchar_pattern_ops);


--
-- Name: api_skillitem_category_id_d7d95873; Type: INDEX; Schema: public; Owner: cv_user
--

CREATE INDEX api_skillitem_category_id_d7d95873 ON public.api_skillitem USING btree (category_id);


--
-- Name: api_softskill_skill_01378e06_like; Type: INDEX; Schema: public; Owner: cv_user
--

CREATE INDEX api_softskill_skill_01378e06_like ON public.api_softskill USING btree (skill varchar_pattern_ops);


--
-- Name: auth_group_name_a6ea08ec_like; Type: INDEX; Schema: public; Owner: cv_user
--

CREATE INDEX auth_group_name_a6ea08ec_like ON public.auth_group USING btree (name varchar_pattern_ops);


--
-- Name: auth_group_permissions_group_id_b120cbf9; Type: INDEX; Schema: public; Owner: cv_user
--

CREATE INDEX auth_group_permissions_group_id_b120cbf9 ON public.auth_group_permissions USING btree (group_id);


--
-- Name: auth_group_permissions_permission_id_84c5c92e; Type: INDEX; Schema: public; Owner: cv_user
--

CREATE INDEX auth_group_permissions_permission_id_84c5c92e ON public.auth_group_permissions USING btree (permission_id);


--
-- Name: auth_permission_content_type_id_2f476e4b; Type: INDEX; Schema: public; Owner: cv_user
--

CREATE INDEX auth_permission_content_type_id_2f476e4b ON public.auth_permission USING btree (content_type_id);


--
-- Name: auth_user_groups_group_id_97559544; Type: INDEX; Schema: public; Owner: cv_user
--

CREATE INDEX auth_user_groups_group_id_97559544 ON public.auth_user_groups USING btree (group_id);


--
-- Name: auth_user_groups_user_id_6a12ed8b; Type: INDEX; Schema: public; Owner: cv_user
--

CREATE INDEX auth_user_groups_user_id_6a12ed8b ON public.auth_user_groups USING btree (user_id);


--
-- Name: auth_user_user_permissions_permission_id_1fbb5f2c; Type: INDEX; Schema: public; Owner: cv_user
--

CREATE INDEX auth_user_user_permissions_permission_id_1fbb5f2c ON public.auth_user_user_permissions USING btree (permission_id);


--
-- Name: auth_user_user_permissions_user_id_a95ead1b; Type: INDEX; Schema: public; Owner: cv_user
--

CREATE INDEX auth_user_user_permissions_user_id_a95ead1b ON public.auth_user_user_permissions USING btree (user_id);


--
-- Name: auth_user_username_6821ab7c_like; Type: INDEX; Schema: public; Owner: cv_user
--

CREATE INDEX auth_user_username_6821ab7c_like ON public.auth_user USING btree (username varchar_pattern_ops);


--
-- Name: django_admin_log_content_type_id_c4bce8eb; Type: INDEX; Schema: public; Owner: cv_user
--

CREATE INDEX django_admin_log_content_type_id_c4bce8eb ON public.django_admin_log USING btree (content_type_id);


--
-- Name: django_admin_log_user_id_c564eba6; Type: INDEX; Schema: public; Owner: cv_user
--

CREATE INDEX django_admin_log_user_id_c564eba6 ON public.django_admin_log USING btree (user_id);


--
-- Name: django_session_expire_date_a5c62663; Type: INDEX; Schema: public; Owner: cv_user
--

CREATE INDEX django_session_expire_date_a5c62663 ON public.django_session USING btree (expire_date);


--
-- Name: django_session_session_key_c0390e0f_like; Type: INDEX; Schema: public; Owner: cv_user
--

CREATE INDEX django_session_session_key_c0390e0f_like ON public.django_session USING btree (session_key varchar_pattern_ops);


--
-- Name: api_about api_about_profile_id_2a355597_fk_api_profile_id; Type: FK CONSTRAINT; Schema: public; Owner: cv_user
--

ALTER TABLE ONLY public.api_about
    ADD CONSTRAINT api_about_profile_id_2a355597_fk_api_profile_id FOREIGN KEY (profile_id) REFERENCES public.api_profile(id) DEFERRABLE INITIALLY DEFERRED;


--
-- Name: api_aboutparagraph api_aboutparagraph_about_id_e9e14a7c_fk_api_about_id; Type: FK CONSTRAINT; Schema: public; Owner: cv_user
--

ALTER TABLE ONLY public.api_aboutparagraph
    ADD CONSTRAINT api_aboutparagraph_about_id_e9e14a7c_fk_api_about_id FOREIGN KEY (about_id) REFERENCES public.api_about(id) DEFERRABLE INITIALLY DEFERRED;


--
-- Name: api_architecturelink api_architecturelink_architecture_id_5a20952b_fk_api_archi; Type: FK CONSTRAINT; Schema: public; Owner: cv_user
--

ALTER TABLE ONLY public.api_architecturelink
    ADD CONSTRAINT api_architecturelink_architecture_id_5a20952b_fk_api_archi FOREIGN KEY (architecture_id) REFERENCES public.api_architecture(id) DEFERRABLE INITIALLY DEFERRED;


--
-- Name: api_architectureservice api_architectureserv_architecture_id_46eee2e7_fk_api_archi; Type: FK CONSTRAINT; Schema: public; Owner: cv_user
--

ALTER TABLE ONLY public.api_architectureservice
    ADD CONSTRAINT api_architectureserv_architecture_id_46eee2e7_fk_api_archi FOREIGN KEY (architecture_id) REFERENCES public.api_architecture(id) DEFERRABLE INITIALLY DEFERRED;


--
-- Name: api_corestrength api_corestrength_about_id_5025c610_fk_api_about_id; Type: FK CONSTRAINT; Schema: public; Owner: cv_user
--

ALTER TABLE ONLY public.api_corestrength
    ADD CONSTRAINT api_corestrength_about_id_5025c610_fk_api_about_id FOREIGN KEY (about_id) REFERENCES public.api_about(id) DEFERRABLE INITIALLY DEFERRED;


--
-- Name: api_duty api_duty_experience_id_66c761c5_fk_api_experience_id; Type: FK CONSTRAINT; Schema: public; Owner: cv_user
--

ALTER TABLE ONLY public.api_duty
    ADD CONSTRAINT api_duty_experience_id_66c761c5_fk_api_experience_id FOREIGN KEY (experience_id) REFERENCES public.api_experience(id) DEFERRABLE INITIALLY DEFERRED;


--
-- Name: api_education api_education_profile_id_872759d2_fk_api_profile_id; Type: FK CONSTRAINT; Schema: public; Owner: cv_user
--

ALTER TABLE ONLY public.api_education
    ADD CONSTRAINT api_education_profile_id_872759d2_fk_api_profile_id FOREIGN KEY (profile_id) REFERENCES public.api_profile(id) DEFERRABLE INITIALLY DEFERRED;


--
-- Name: api_experience api_experience_profile_id_e4dba2aa_fk_api_profile_id; Type: FK CONSTRAINT; Schema: public; Owner: cv_user
--

ALTER TABLE ONLY public.api_experience
    ADD CONSTRAINT api_experience_profile_id_e4dba2aa_fk_api_profile_id FOREIGN KEY (profile_id) REFERENCES public.api_profile(id) DEFERRABLE INITIALLY DEFERRED;


--
-- Name: api_profileskill api_profileskill_profile_id_1c399a6e_fk_api_profile_id; Type: FK CONSTRAINT; Schema: public; Owner: cv_user
--

ALTER TABLE ONLY public.api_profileskill
    ADD CONSTRAINT api_profileskill_profile_id_1c399a6e_fk_api_profile_id FOREIGN KEY (profile_id) REFERENCES public.api_profile(id) DEFERRABLE INITIALLY DEFERRED;


--
-- Name: api_profileskill api_profileskill_skill_id_c0b82440_fk_api_skill_id; Type: FK CONSTRAINT; Schema: public; Owner: cv_user
--

ALTER TABLE ONLY public.api_profileskill
    ADD CONSTRAINT api_profileskill_skill_id_c0b82440_fk_api_skill_id FOREIGN KEY (skill_id) REFERENCES public.api_skill(id) DEFERRABLE INITIALLY DEFERRED;


--
-- Name: api_skillitem api_skillitem_category_id_d7d95873_fk_api_skillcategory_id; Type: FK CONSTRAINT; Schema: public; Owner: cv_user
--

ALTER TABLE ONLY public.api_skillitem
    ADD CONSTRAINT api_skillitem_category_id_d7d95873_fk_api_skillcategory_id FOREIGN KEY (category_id) REFERENCES public.api_skillcategory(id) DEFERRABLE INITIALLY DEFERRED;


--
-- Name: api_userprofile api_userprofile_user_id_5a1c1c92_fk_auth_user_id; Type: FK CONSTRAINT; Schema: public; Owner: cv_user
--

ALTER TABLE ONLY public.api_userprofile
    ADD CONSTRAINT api_userprofile_user_id_5a1c1c92_fk_auth_user_id FOREIGN KEY (user_id) REFERENCES public.auth_user(id) DEFERRABLE INITIALLY DEFERRED;


--
-- Name: auth_group_permissions auth_group_permissio_permission_id_84c5c92e_fk_auth_perm; Type: FK CONSTRAINT; Schema: public; Owner: cv_user
--

ALTER TABLE ONLY public.auth_group_permissions
    ADD CONSTRAINT auth_group_permissio_permission_id_84c5c92e_fk_auth_perm FOREIGN KEY (permission_id) REFERENCES public.auth_permission(id) DEFERRABLE INITIALLY DEFERRED;


--
-- Name: auth_group_permissions auth_group_permissions_group_id_b120cbf9_fk_auth_group_id; Type: FK CONSTRAINT; Schema: public; Owner: cv_user
--

ALTER TABLE ONLY public.auth_group_permissions
    ADD CONSTRAINT auth_group_permissions_group_id_b120cbf9_fk_auth_group_id FOREIGN KEY (group_id) REFERENCES public.auth_group(id) DEFERRABLE INITIALLY DEFERRED;


--
-- Name: auth_permission auth_permission_content_type_id_2f476e4b_fk_django_co; Type: FK CONSTRAINT; Schema: public; Owner: cv_user
--

ALTER TABLE ONLY public.auth_permission
    ADD CONSTRAINT auth_permission_content_type_id_2f476e4b_fk_django_co FOREIGN KEY (content_type_id) REFERENCES public.django_content_type(id) DEFERRABLE INITIALLY DEFERRED;


--
-- Name: auth_user_groups auth_user_groups_group_id_97559544_fk_auth_group_id; Type: FK CONSTRAINT; Schema: public; Owner: cv_user
--

ALTER TABLE ONLY public.auth_user_groups
    ADD CONSTRAINT auth_user_groups_group_id_97559544_fk_auth_group_id FOREIGN KEY (group_id) REFERENCES public.auth_group(id) DEFERRABLE INITIALLY DEFERRED;


--
-- Name: auth_user_groups auth_user_groups_user_id_6a12ed8b_fk_auth_user_id; Type: FK CONSTRAINT; Schema: public; Owner: cv_user
--

ALTER TABLE ONLY public.auth_user_groups
    ADD CONSTRAINT auth_user_groups_user_id_6a12ed8b_fk_auth_user_id FOREIGN KEY (user_id) REFERENCES public.auth_user(id) DEFERRABLE INITIALLY DEFERRED;


--
-- Name: auth_user_user_permissions auth_user_user_permi_permission_id_1fbb5f2c_fk_auth_perm; Type: FK CONSTRAINT; Schema: public; Owner: cv_user
--

ALTER TABLE ONLY public.auth_user_user_permissions
    ADD CONSTRAINT auth_user_user_permi_permission_id_1fbb5f2c_fk_auth_perm FOREIGN KEY (permission_id) REFERENCES public.auth_permission(id) DEFERRABLE INITIALLY DEFERRED;


--
-- Name: auth_user_user_permissions auth_user_user_permissions_user_id_a95ead1b_fk_auth_user_id; Type: FK CONSTRAINT; Schema: public; Owner: cv_user
--

ALTER TABLE ONLY public.auth_user_user_permissions
    ADD CONSTRAINT auth_user_user_permissions_user_id_a95ead1b_fk_auth_user_id FOREIGN KEY (user_id) REFERENCES public.auth_user(id) DEFERRABLE INITIALLY DEFERRED;


--
-- Name: django_admin_log django_admin_log_content_type_id_c4bce8eb_fk_django_co; Type: FK CONSTRAINT; Schema: public; Owner: cv_user
--

ALTER TABLE ONLY public.django_admin_log
    ADD CONSTRAINT django_admin_log_content_type_id_c4bce8eb_fk_django_co FOREIGN KEY (content_type_id) REFERENCES public.django_content_type(id) DEFERRABLE INITIALLY DEFERRED;


--
-- Name: django_admin_log django_admin_log_user_id_c564eba6_fk_auth_user_id; Type: FK CONSTRAINT; Schema: public; Owner: cv_user
--

ALTER TABLE ONLY public.django_admin_log
    ADD CONSTRAINT django_admin_log_user_id_c564eba6_fk_auth_user_id FOREIGN KEY (user_id) REFERENCES public.auth_user(id) DEFERRABLE INITIALLY DEFERRED;


--
-- PostgreSQL database dump complete
--

\unrestrict Sr0wNcXcJGCoHLqNCLcCGjpBG2NQqsnQawG9WxQ4sSZAJhI1mnfa5B8jDIFyjFp

